City_ID,City,Country,Lat,Lng,Max Temp,Humidity,Cloudiness,Wind Speed,Current Description
0,Ostrovnoy,RU,68.0531,39.5131,20.35,95,74,11.88,broken clouds
1,Hilo,US,19.7297,-155.09,77.25,79,24,7.0,few clouds
2,Varzea Da Palma,BR,-17.5981,-44.7308,70.63,74,31,1.34,scattered clouds
3,Corum,TR,40.5,34.75,19.26,55,100,3.58,overcast clouds
4,Filingue,NE,14.3521,3.3168,78.66,18,29,12.03,scattered clouds
5,Bethel,US,41.3712,-73.414,43.02,80,52,3.8,broken clouds
6,Shetpe,KZ,44.1667,52.1167,37.81,97,100,5.61,overcast clouds
7,Punta Arenas,CL,-53.15,-70.9167,41.11,70,0,6.91,clear sky
8,Inhambane,MZ,-23.865,35.3833,75.29,89,18,10.45,light rain
9,Mount Darwin,ZW,-16.7725,31.5838,62.56,88,99,3.8,overcast clouds
10,Mataura,NZ,-46.1927,168.8643,61.48,60,68,9.48,broken clouds
11,Ushuaia,AR,-54.8,-68.3,44.26,61,0,6.91,clear sky
12,Lannion,FR,48.75,-3.4167,44.58,84,75,11.5,broken clouds
13,Georgiyevka,KZ,43.0369,74.7114,48.24,93,75,4.47,light intensity shower rain
14,Provideniya,RU,64.3833,-173.3,25.07,57,0,11.1,clear sky
15,Loon,PH,9.7998,123.7929,81.88,80,96,1.45,overcast clouds
16,East London,ZA,-33.0153,27.9116,72.25,86,46,13.58,scattered clouds
17,Ilheus,BR,-14.7889,-39.0494,74.97,86,30,1.88,scattered clouds
18,Tuktoyaktuk,CA,69.4541,-133.0374,-4.0,77,100,10.36,light snow
19,Atbasar,KZ,51.8,68.3333,8.69,94,100,16.49,light snow
20,Lorengau,PG,-2.0226,147.2712,85.05,68,31,4.25,scattered clouds
21,Najran,SA,17.4924,44.1277,65.05,59,13,5.77,few clouds
22,Jamestown,US,42.097,-79.2353,29.84,71,100,8.05,snow
23,Saskylakh,RU,71.9167,114.0833,-12.64,91,100,3.74,overcast clouds
24,Port Blair,IN,11.6667,92.75,84.24,79,20,6.91,mist
25,Port Alfred,ZA,-33.5906,26.891,71.46,92,98,11.23,overcast clouds
26,Klaksvik,FO,62.2266,-6.589,45.52,94,100,43.8,overcast clouds
27,Folkestone,GB,51.0833,1.1833,48.97,92,79,8.01,broken clouds
28,Severo-Kurilsk,RU,50.6789,156.125,31.86,98,100,1.57,light snow
29,Altay,CN,47.8667,88.1167,30.31,86,100,2.75,light snow
30,Rio Grande,BR,-32.035,-52.0986,59.11,69,2,8.7,clear sky
31,Hlatikulu,SZ,-26.9667,31.3167,55.74,96,11,3.56,few clouds
32,Boyolangu,ID,-8.1181,111.8935,85.89,68,84,6.69,broken clouds
33,Rikitea,PF,-23.1203,-134.9692,78.84,67,1,3.24,clear sky
34,Nouadhibou,MR,20.931,-17.0347,64.38,68,0,19.57,sand
35,Karratha,AU,-20.7377,116.8463,95.92,34,3,1.16,clear sky
36,Kavaratti,IN,10.5669,72.642,81.99,73,11,4.41,few clouds
37,Ribeira Grande,PT,38.5167,-28.7,58.51,75,100,12.24,overcast clouds
38,Kapuskasing,CA,49.4169,-82.4331,17.69,86,100,12.66,overcast clouds
39,Busselton,AU,-33.65,115.3333,78.31,64,0,13.65,clear sky
40,Luderitz,NA,-26.6481,15.1594,67.5,83,51,7.43,broken clouds
41,Touros,BR,-5.1989,-35.4608,79.18,80,100,5.75,overcast clouds
42,Fortuna,US,40.5982,-124.1573,51.1,89,0,8.05,clear sky
43,Hobart,AU,-42.8794,147.3294,73.27,45,20,9.22,few clouds
44,Lumberton,US,34.6182,-79.0086,54.45,94,100,3.42,overcast clouds
45,Hermanus,ZA,-34.4187,19.2345,65.8,82,0,3.83,clear sky
46,Silver City,US,32.7701,-108.2803,41.67,53,0,8.05,clear sky
47,Umm Kaddadah,SD,13.6017,26.6876,64.35,18,100,15.17,overcast clouds
48,Diourbel,SN,14.6628,-16.3925,76.21,11,1,10.89,clear sky
49,Balikpapan,ID,-1.2675,116.8289,82.4,79,77,3.09,broken clouds
50,Hohhot,CN,40.8106,111.6522,52.09,30,0,6.71,clear sky
51,Miles City,US,46.4083,-105.8406,18.77,66,100,7.56,overcast clouds
52,Robertsport,LR,6.7533,-11.3686,79.47,89,100,4.85,light rain
53,Hanmer Springs,NZ,-42.5167,172.8167,68.67,54,25,10.6,scattered clouds
54,Vanavara,RU,60.34,102.2797,-6.18,92,95,3.8,overcast clouds
55,Abha,SA,18.2164,42.5053,57.02,77,0,6.91,clear sky
56,Tshikapa,CD,-6.4167,20.8,71.62,96,100,1.97,light rain
57,Cockburn Town,TC,21.4612,-71.1419,77.74,83,0,21.92,clear sky
58,Komsomolskiy,UZ,40.4272,71.7189,48.92,93,75,6.91,mist
59,Jalu,LY,29.0331,21.5482,50.27,65,5,7.67,clear sky
60,Binucayan,PH,8.25,125.7167,89.58,58,80,3.76,broken clouds
61,Esperance,AU,-33.8667,121.9,76.84,45,100,9.17,overcast clouds
62,Sao Joao Da Barra,BR,-21.6403,-41.0511,78.03,87,5,16.89,clear sky
63,Aykhal,RU,66.0,111.5,-6.95,91,100,2.44,overcast clouds
64,Puerto Ayora,EC,-0.7393,-90.3518,76.55,96,37,0.85,scattered clouds
65,Kaitangata,NZ,-46.2817,169.8464,63.86,56,56,11.77,broken clouds
66,Vaini,TO,-21.2,-175.2,86.16,79,75,11.5,broken clouds
67,Yining,CN,29.0361,114.5636,75.61,58,58,2.55,broken clouds
68,Cidreira,BR,-30.1811,-50.2056,69.62,68,100,11.16,overcast clouds
69,Huntsville,US,34.7304,-86.5861,51.6,68,100,26.46,overcast clouds
70,Nueva Gorgona,PA,8.55,-79.8667,78.58,35,5,10.54,clear sky
71,Marsa Matruh,EG,31.3525,27.2453,50.2,71,75,8.05,broken clouds
72,Bluff,NZ,-46.6,168.3333,61.81,70,18,16.22,few clouds
73,Barrow,US,71.2906,-156.7887,-14.42,98,11,8.19,few clouds
74,Chokurdakh,RU,70.6333,147.9167,-7.28,94,96,8.84,overcast clouds
75,Albany,US,42.6001,-73.9662,44.64,55,100,8.08,overcast clouds
76,Hamilton,US,39.1834,-84.5333,30.04,86,100,17.27,snow
77,Tarko-Sale,RU,64.9225,77.785,-8.63,96,88,9.37,overcast clouds
78,Nantucket,US,41.2835,-70.0995,42.91,93,100,10.36,overcast clouds
79,Paka,MY,4.6374,103.4368,82.33,78,40,6.91,scattered clouds
80,Airai,TL,-8.9266,125.4092,74.98,61,100,2.68,overcast clouds
81,Khatanga,RU,71.9667,102.5,-19.52,97,98,5.95,overcast clouds
82,Powell,US,40.1578,-83.0752,29.28,86,100,11.5,snow
83,Dingle,PH,10.9995,122.6711,87.39,66,92,6.02,overcast clouds
84,Qaanaaq,GL,77.484,-69.3632,-14.82,81,19,6.04,few clouds
85,Iqaluit,CA,63.7506,-68.5145,-24.07,76,20,4.61,few clouds
86,Lahaina,US,20.8783,-156.6825,79.84,76,21,10.29,few clouds
87,Kapaa,US,22.0752,-159.319,79.12,68,20,10.36,few clouds
88,New Plymouth,NZ,-39.0667,174.0833,65.32,89,100,7.56,overcast clouds
89,Ahipara,NZ,-35.1667,173.1667,71.62,66,99,6.89,overcast clouds
90,Kongolo,CD,-5.3833,27.0,68.81,97,100,0.47,overcast clouds
91,Rodrigues Alves,BR,-7.738,-72.6509,73.02,96,79,2.17,broken clouds
92,Pacasmayo,PE,-7.4006,-79.5714,73.58,77,41,7.34,scattered clouds
93,Avarua,CK,-21.2078,-159.775,82.45,78,84,5.75,broken clouds
94,Flin Flon,CA,54.7682,-101.865,-2.27,97,100,3.47,overcast clouds
95,Sanchor,IN,24.7553,71.7722,79.84,18,0,4.09,clear sky
96,Castro,BR,-24.7911,-50.0119,64.15,97,100,2.68,overcast clouds
97,Mumford,GH,5.2618,-0.759,80.01,88,75,7.27,broken clouds
98,Sola,VU,-13.8833,167.55,82.69,71,100,6.8,overcast clouds
99,Bandarbeyla,SO,9.4942,50.8122,76.93,68,87,9.95,overcast clouds
100,Kassala,SD,15.451,36.4,68.58,77,62,11.16,broken clouds
101,Tuatapere,NZ,-46.1333,167.6833,61.65,67,57,11.54,broken clouds
102,Nikolskoye,RU,59.7035,30.7861,31.87,97,100,4.32,overcast clouds
103,Fairbanks,US,64.8378,-147.7164,21.2,34,0,9.22,clear sky
104,Saint George,US,37.1041,-113.5841,54.25,16,0,1.99,clear sky
105,Mount Isa,AU,-20.7333,139.5,100.17,17,6,10.36,clear sky
106,Lensk,RU,60.7253,114.9278,4.68,82,99,6.82,overcast clouds
107,Kruisfontein,ZA,-34.0033,24.7314,70.48,80,100,4.94,overcast clouds
108,Mar Del Plata,AR,-38.0023,-57.5575,60.87,71,75,5.99,light rain
109,Manokwari,ID,-0.8667,134.0833,82.92,75,89,5.03,overcast clouds
110,Flinders,AU,-34.5833,150.8552,76.28,74,100,8.86,overcast clouds
111,Port Lincoln,AU,-34.7333,135.8667,72.68,54,0,12.15,clear sky
112,Bend,US,44.0582,-121.3153,56.48,24,0,4.61,clear sky
113,Waitati,NZ,-45.75,170.5667,65.8,54,62,9.84,broken clouds
114,Saint-Philippe,RE,-21.3585,55.7679,74.79,82,56,9.69,broken clouds
115,Tura,IN,25.5198,90.2201,83.8,18,0,2.53,clear sky
116,Hobyo,SO,5.3505,48.5268,77.13,68,94,12.39,overcast clouds
117,Vila Franca Do Campo,PT,37.7167,-25.4333,60.19,94,100,8.97,overcast clouds
118,Poum,NC,-20.2333,164.0167,82.29,71,3,0.98,clear sky
119,Merritt,CA,50.1123,-120.7942,33.75,91,100,6.04,overcast clouds
120,Portland,US,45.5234,-122.6762,55.35,59,0,3.0,clear sky
121,Shimoda,JP,34.6667,138.95,62.96,50,2,1.72,clear sky
122,Atuona,PF,-9.8,-139.0333,78.85,74,100,16.4,overcast clouds
123,Surt,LY,31.2089,16.5887,52.41,65,0,8.59,clear sky
124,Sorland,NO,67.667,12.6934,41.31,81,0,10.54,clear sky
125,Sechura,PE,-5.5569,-80.8222,75.11,75,50,6.4,scattered clouds
126,Izumo,JP,35.3667,132.7667,64.35,72,75,13.8,broken clouds
127,Semporna,MY,4.4818,118.6112,82.78,81,97,1.77,overcast clouds
128,Mahebourg,MU,-20.4081,57.7,79.09,89,40,6.91,scattered clouds
129,Loukhi,RU,66.0764,33.0381,16.65,95,63,4.07,broken clouds
130,Novopokrovka,UA,49.8425,36.5477,7.43,93,6,3.85,clear sky
131,Makakilo City,US,21.3469,-158.0858,77.68,65,9,15.93,clear sky
132,Boende,CD,-0.2167,20.8667,69.19,99,100,2.46,moderate rain
133,Hambantota,LK,6.1241,81.1185,79.14,100,20,3.44,few clouds
134,Hlotse,LS,-28.8718,28.045,56.14,86,1,2.68,clear sky
135,Teknaf,BD,20.8624,92.3058,83.03,32,11,6.29,few clouds
136,Zyryanka,RU,65.75,150.85,4.42,88,100,13.62,overcast clouds
137,Evensk,RU,61.95,159.2333,20.48,83,100,10.94,light snow
138,Pevek,RU,69.7008,170.3133,5.45,75,0,1.83,clear sky
139,Ambilobe,MG,-13.2,49.05,71.58,95,97,1.59,overcast clouds
140,Butaritari,KI,3.0707,172.7902,81.95,77,17,18.14,few clouds
141,Port Augusta,AU,-32.5,137.7667,87.76,15,0,5.3,clear sky
142,Angoche,MZ,-16.2325,39.9086,78.26,88,100,12.17,light rain
143,Kaeo,NZ,-35.1,173.7833,73.29,56,94,6.38,overcast clouds
144,Hithadhoo,MV,-0.6,73.0833,82.06,65,8,4.94,clear sky
145,Swan River,CA,52.1058,-101.2676,-4.11,71,86,11.5,overcast clouds
146,Kidal,ML,18.4411,1.4078,70.99,16,0,11.88,clear sky
147,Sharjah,AE,25.3573,55.4033,78.78,60,0,3.44,clear sky
148,Wagar,SD,16.1525,36.2032,67.75,76,23,12.57,few clouds
149,Lagoa,PT,39.05,-27.9833,56.52,75,100,13.71,overcast clouds
150,Victoria,HK,22.2855,114.1577,77.05,71,4,3.0,clear sky
151,Sault Sainte Marie,CA,46.5168,-84.3333,12.76,67,75,12.66,broken clouds
152,Viedma,AR,-40.8135,-62.9967,60.22,70,0,14.81,clear sky
153,Berlevag,NO,70.8578,29.0864,31.89,81,100,11.01,overcast clouds
154,Carnarvon,AU,-24.8667,113.6333,80.67,74,0,11.5,clear sky
155,Vila Do Maio,CV,15.1333,-23.2167,72.39,73,4,18.25,clear sky
156,Souillac,MU,-20.5167,57.5167,79.18,89,40,6.91,scattered clouds
157,Saint-Georges,GD,12.0564,-61.7485,78.48,73,20,11.5,few clouds
158,Longyearbyen,SJ,78.2186,15.6401,4.84,92,0,9.22,clear sky
159,Belmonte,BR,-15.8631,-38.8828,77.16,82,10,3.62,clear sky
160,Znamenskoye,RU,57.1281,73.8282,-7.06,99,90,4.16,overcast clouds
161,Tsumeb,NA,-19.2333,17.7167,66.02,81,98,6.4,overcast clouds
162,Yuanlin,CN,30.4151,112.8859,70.86,66,100,10.54,overcast clouds
163,Kamenka,RU,51.3223,42.7678,-11.33,100,100,5.48,overcast clouds
164,Port Elizabeth,ZA,-33.918,25.5701,68.29,88,0,8.05,clear sky
165,Linxia,CN,35.6003,103.2064,52.88,36,100,2.26,overcast clouds
166,Leningradskiy,RU,69.3833,178.4167,9.01,76,0,0.4,clear sky
167,Clyde River,CA,70.4692,-68.5914,-27.17,68,0,0.0,clear sky
168,Alizai,PK,33.5383,70.3462,65.77,42,100,3.29,overcast clouds
169,Bambous Virieux,MU,-20.3428,57.7575,79.05,89,40,6.91,scattered clouds
170,Anastacio,BR,-20.4836,-55.8069,73.06,97,100,2.28,light rain
171,Pacific Grove,US,36.6177,-121.9166,57.02,84,0,3.0,clear sky
172,Grand Gaube,MU,-20.0064,57.6608,79.2,88,46,1.01,scattered clouds
173,Alekseyevsk,RU,57.8406,108.3492,4.41,90,100,3.02,overcast clouds
174,Cape Town,ZA,-33.9258,18.4232,73.11,88,0,2.3,clear sky
175,San Juan,AR,-31.5375,-68.5364,69.44,33,19,1.57,few clouds
176,Chuy,UY,-33.6971,-53.4616,57.76,79,0,7.16,clear sky
177,Bengkulu,ID,-3.8004,102.2655,83.88,67,71,5.12,broken clouds
178,Ola,RU,59.5833,151.2833,34.14,68,23,5.66,few clouds
179,Kodiak,US,57.79,-152.4072,37.08,93,100,10.25,overcast clouds
180,Coquimbo,CL,-29.9533,-71.3436,60.53,88,75,2.3,broken clouds
181,Mokhsogollokh,RU,61.4681,128.9203,5.79,87,100,1.81,overcast clouds
182,Tsilna,RU,54.5953,48.1414,-2.65,100,100,3.87,overcast clouds
183,Necochea,AR,-38.5473,-58.7368,54.55,74,0,4.21,clear sky
184,Sambava,MG,-14.2667,50.1667,75.33,90,100,7.31,overcast clouds
185,Dobryanka,RU,58.4619,56.4165,-1.25,97,46,2.89,scattered clouds
186,Udachnyy,RU,66.4167,112.4,-10.68,92,100,2.91,overcast clouds
187,Yellowknife,CA,62.456,-114.3525,0.41,88,100,6.91,light snow
188,Bredasdorp,ZA,-34.5322,20.0403,65.52,88,0,4.61,clear sky
189,Maddela,PH,16.3414,121.6849,76.55,95,100,3.18,overcast clouds
190,New Norfolk,AU,-42.7826,147.0587,72.91,34,98,5.01,overcast clouds
191,Tyrma,RU,50.0833,132.1667,21.81,79,100,4.25,overcast clouds
192,La Ronge,CA,55.1001,-105.2842,3.45,51,75,5.75,broken clouds
193,Hualmay,PE,-11.0964,-77.6139,73.35,76,68,5.91,broken clouds
194,Hasaki,JP,35.7333,140.8333,64.8,55,2,9.22,clear sky
195,Sitka,US,57.0531,-135.33,38.17,97,100,5.46,light rain
196,Le Port,RE,-20.9373,55.2919,76.24,74,88,4.54,overcast clouds
197,Bitung,ID,1.4451,125.1824,92.25,67,81,4.81,broken clouds
198,Qaqortoq,GL,60.7167,-46.0333,1.44,85,96,2.73,overcast clouds
199,Chapais,CA,49.7834,-74.8492,15.58,95,100,5.66,overcast clouds
200,Endicott,US,42.0984,-76.0494,48.0,73,100,7.0,overcast clouds
201,Kurchum,KZ,48.5722,83.6542,21.16,90,99,1.52,overcast clouds
202,Kirakira,SB,-10.4544,161.9205,83.53,76,95,3.65,moderate rain
203,Guba,PH,10.3131,123.2667,83.95,67,100,5.48,overcast clouds
204,Acapulco,MX,16.8634,-99.8901,76.82,73,0,13.8,clear sky
205,Emerald,AU,-23.5333,148.1667,89.74,45,100,10.36,overcast clouds
206,Kuybysheve,UA,47.358,36.6491,18.14,78,100,13.85,overcast clouds
207,Redmond,US,47.674,-122.1215,50.77,69,100,1.99,overcast clouds
208,Norman Wells,CA,65.282,-126.8329,-7.56,64,100,12.66,light snow
209,Georgetown,MY,5.4112,100.3354,87.73,83,20,8.05,few clouds
210,Marawi,PH,7.9986,124.2928,83.7,60,91,1.63,overcast clouds
211,Torbay,CA,47.6666,-52.7314,30.58,67,40,16.11,scattered clouds
212,Kambove,CD,-10.8764,26.5969,61.34,99,100,3.98,light rain
213,Maine-Soroa,NE,13.2114,12.0241,69.94,21,6,9.73,clear sky
214,Sosnovo-Ozerskoye,RU,52.5249,111.5418,14.07,72,95,3.74,overcast clouds
215,Northam,GB,51.0333,-4.2167,44.38,95,97,11.83,overcast clouds
216,Paamiut,GL,61.994,-49.6678,7.88,87,100,25.3,overcast clouds
217,Mana,GF,5.6592,-53.7767,75.83,90,100,8.84,overcast clouds
218,Kurilsk,RU,45.2333,147.8833,33.24,99,100,1.88,snow
219,Oranjemund,NA,-28.55,16.4333,66.7,89,19,4.85,few clouds
220,Ponta Do Sol,PT,32.6667,-17.1,63.05,70,79,1.66,broken clouds
221,Belaya Gora,RU,68.5333,146.4167,-0.76,88,18,1.39,few clouds
222,Lebu,CL,-37.6167,-73.65,58.08,92,0,18.54,clear sky
223,Lata,PT,40.1629,-8.3327,45.07,93,97,3.44,overcast clouds
224,Saldanha,ZA,-33.0117,17.9442,68.05,87,0,10.04,clear sky
225,Dikson,RU,73.5069,80.5464,-5.58,89,100,23.87,overcast clouds
226,Gilbues,BR,-9.8317,-45.3439,74.07,82,98,2.3,overcast clouds
227,Salmas,IR,38.1973,44.7653,29.91,47,0,9.28,clear sky
228,Egvekinot,RU,66.3167,-179.1667,18.91,63,0,8.52,clear sky
229,Tiksi,RU,71.6872,128.8694,-10.44,89,100,9.4,overcast clouds
230,Qasigiannguit,GL,68.8193,-51.1922,-8.46,96,100,4.5,overcast clouds
231,Vangaindrano,MG,-23.35,47.6,73.36,91,52,0.83,light rain
232,Menongue,AO,-14.6585,17.691,63.82,99,100,0.65,moderate rain
233,Yumen,CN,40.2833,97.2,55.42,16,100,7.85,overcast clouds
234,Winnemucca,US,40.973,-117.7357,41.02,33,34,4.36,scattered clouds
235,Chabahar,IR,25.2919,60.643,75.61,73,80,0.72,broken clouds
236,Bom Jardim,BR,-7.7958,-35.5872,72.05,88,64,1.86,broken clouds
237,Sistranda,NO,63.7256,8.834,40.96,58,0,6.64,clear sky
238,Quelimane,MZ,-17.8786,36.8883,75.06,96,100,5.88,moderate rain
239,Isangel,VU,-19.55,169.2667,82.29,75,33,2.01,light rain
240,Arraial Do Cabo,BR,-22.9661,-42.0278,77.45,88,0,24.18,clear sky
241,Veraval,IN,20.9,70.3667,81.93,36,0,10.22,clear sky
242,Cherskiy,RU,68.75,161.3,5.34,80,67,3.42,broken clouds
243,Luanda,AO,-8.8368,13.2343,79.21,78,100,5.82,overcast clouds
244,Tagusao,PH,9.1924,117.8141,84.54,68,99,1.21,overcast clouds
245,Rantepao,ID,-2.9701,119.8978,84.72,55,88,2.82,overcast clouds
246,Mazatlan,MX,23.2167,-106.4167,65.91,80,0,10.0,clear sky
247,Benguela,AO,-12.5763,13.4055,77.32,84,100,2.98,overcast clouds
248,Baniyas,SY,35.1819,35.9487,47.59,67,100,16.2,light rain
249,Kismayo,SO,-0.3582,42.5454,77.63,79,5,13.87,clear sky
250,Lima,PE,-12.0432,-77.0282,71.38,56,0,9.22,clear sky
251,Kahului,US,20.8947,-156.47,77.85,76,12,8.99,few clouds
252,Pisco,PE,-13.7,-76.2167,70.93,85,81,3.51,broken clouds
253,Haines Junction,CA,60.7522,-137.5108,26.31,98,100,2.28,light snow
254,Nevsehir,TR,38.9167,34.6667,20.41,74,75,3.44,broken clouds
255,San Cristobal,VE,7.7669,-72.225,65.7,95,65,2.44,broken clouds
256,Avera,US,33.194,-82.5271,55.38,97,100,4.88,overcast clouds
257,Shingu,JP,33.7333,135.9833,68.34,49,30,4.92,scattered clouds
258,Salamiyah,SY,35.0113,37.0532,37.81,94,100,12.21,overcast clouds
259,Pacifica,US,37.6138,-122.4869,61.75,54,0,5.46,clear sky
260,Atherton,GB,53.5237,-2.4935,48.88,85,100,5.01,overcast clouds
261,Broome,US,42.2506,-75.833,47.46,71,100,11.01,overcast clouds
262,Severo-Yeniseyskiy,RU,60.3725,93.0408,-8.21,93,95,2.15,overcast clouds
263,Baie-Comeau,CA,49.2168,-68.1489,19.08,73,100,14.97,overcast clouds
264,Port Hedland,AU,-20.3167,118.5667,102.25,22,5,12.66,clear sky
265,Chimbarongo,CL,-34.7,-71.05,67.08,46,0,0.92,clear sky
266,Kashi,CN,39.4547,75.9797,54.59,24,72,2.21,broken clouds
267,Kiomboi,TZ,-4.2667,34.3667,59.45,78,74,2.89,broken clouds
268,Kharp,RU,66.8014,65.8081,0.28,95,100,1.52,overcast clouds
269,Ilulissat,GL,69.2167,-51.1,5.02,72,75,4.61,broken clouds
270,Manyana,BW,-23.4,21.7167,66.81,52,3,8.43,clear sky
271,Maragogi,BR,-9.0122,-35.2225,77.65,73,99,3.22,overcast clouds
272,Lagos,NG,6.5833,3.75,72.82,90,100,3.42,overcast clouds
273,Alyth,GB,56.6221,-3.2301,46.44,95,91,8.63,overcast clouds
274,Astana,KZ,51.1801,71.446,8.55,78,40,24.61,scattered clouds
275,Katherine,AU,-14.4667,132.2667,89.92,58,52,5.75,broken clouds
276,Upernavik,GL,72.7868,-56.1549,-17.81,100,100,8.48,overcast clouds
277,Ereymentau,KZ,51.6199,73.1033,6.22,94,100,16.93,overcast clouds
278,Srednekolymsk,RU,67.45,153.6833,5.34,87,99,11.01,overcast clouds
279,Aksu,CN,41.1231,80.2644,52.45,25,68,2.44,broken clouds
280,Hokitika,NZ,-42.7167,170.9667,65.5,64,33,13.22,scattered clouds
281,Ambon,ID,-3.6954,128.1814,87.94,74,20,3.44,few clouds
282,Leeton,AU,-34.5667,146.4,87.89,47,36,11.5,scattered clouds
283,Seoul,KR,37.5683,126.9778,60.37,48,75,4.61,mist
284,Okha,RU,53.5739,142.9478,21.22,85,93,7.38,overcast clouds
285,Kalianget,ID,-7.05,113.9333,84.76,71,74,8.03,broken clouds
286,Baruun-Urt,MN,46.6806,113.2792,30.27,48,29,20.38,scattered clouds
287,Temiscaming,CA,46.7212,-79.0971,12.79,99,100,2.06,overcast clouds
288,Pimentel,PE,-6.8367,-79.9342,72.72,80,60,9.42,broken clouds
289,Black Diamond,US,47.3087,-122.0032,49.26,68,100,1.01,overcast clouds
290,Vilhena,BR,-12.7406,-60.1458,69.06,98,100,0.72,overcast clouds
291,Olinda,BR,-8.0089,-34.8553,79.09,72,100,3.8,overcast clouds
292,Okhotsk,RU,59.3833,143.3,18.61,74,100,15.32,overcast clouds
293,Kamarion,GR,36.8,25.8167,39.74,56,100,25.68,overcast clouds
294,Da Lat,VN,11.9465,108.4419,74.01,48,96,2.37,overcast clouds
295,Harper,LR,4.375,-7.7169,79.32,88,51,6.06,broken clouds
296,Barentin,FR,49.5453,0.9552,48.13,84,60,18.61,broken clouds
297,Lakatoro,VU,-16.0999,167.4164,84.24,70,30,4.34,scattered clouds
298,Mount Gambier,AU,-37.8333,140.7667,71.51,40,0,8.05,clear sky
299,Tukan,RU,53.8409,57.4552,-1.08,96,72,3.0,broken clouds
300,Katsuura,JP,35.1333,140.3,60.66,50,0,8.61,clear sky
301,Sur,OM,22.5667,59.5289,79.05,46,87,5.01,overcast clouds
302,Ewa Beach,US,21.3156,-158.0072,79.09,63,5,16.89,clear sky
303,Zhigalovo,RU,54.8097,105.1578,6.94,89,100,0.58,overcast clouds
304,Stokmarknes,NO,68.5646,14.9108,37.53,90,63,8.19,broken clouds
305,Hervey Bay,AU,-25.2986,152.8535,82.02,63,81,10.0,broken clouds
306,Mitsamiouli,KM,-11.3847,43.2844,82.4,70,88,7.81,overcast clouds
307,Artvin,TR,41.1667,41.8333,24.91,95,100,2.55,light snow
308,Aklavik,CA,68.2191,-135.0107,-4.34,89,100,17.45,overcast clouds
309,Beloha,MG,-25.1667,45.05,73.51,89,20,12.08,few clouds
310,Paliambela,GR,40.5114,22.5033,36.88,58,6,2.89,clear sky
311,Urambo,TZ,-5.0667,32.05,64.69,96,67,4.74,broken clouds
312,Pilar,BR,-9.5972,-35.9567,75.13,83,100,3.04,overcast clouds
313,Havoysund,NO,70.9963,24.6622,35.31,99,100,6.02,snow
314,Whyalla,AU,-33.0333,137.5833,80.33,26,0,4.81,clear sky
315,Itacoatiara,BR,-3.1431,-58.4442,74.48,92,99,2.48,light rain
316,Malakal,SS,9.5334,31.6605,81.57,20,98,9.22,overcast clouds
317,Byron Bay,AU,-28.65,153.6167,76.71,56,87,11.27,overcast clouds
318,Kerema,PG,-7.9631,145.7785,83.43,69,95,6.78,overcast clouds
319,Deputatskiy,RU,69.3,139.9,-2.18,91,58,2.86,broken clouds
320,Alofi,NU,-19.0595,-169.9187,80.24,76,99,12.33,moderate rain
321,Kiama,AU,-34.6833,150.8667,75.25,72,100,8.01,overcast clouds
322,Sarana,RU,56.4773,57.7259,-11.07,100,48,2.44,scattered clouds
323,Ancud,CL,-41.8697,-73.8203,53.55,93,0,2.8,clear sky
324,Fernie,CA,49.5,-115.0687,26.74,98,100,5.37,light snow
325,Syracuse,IT,37.0881,15.2792,49.37,66,100,6.76,overcast clouds
326,Omboue,GA,-1.5746,9.2618,78.24,90,100,4.34,overcast clouds
327,Ilukste,LV,55.9775,26.2966,28.51,67,100,7.36,overcast clouds
328,Codrington,AU,-38.2667,141.9667,70.43,39,0,9.82,clear sky
329,Peterhead,GB,57.5058,-1.7981,46.8,95,100,25.5,overcast clouds
330,Nanortalik,GL,60.1432,-45.2371,13.95,77,97,30.76,overcast clouds
331,Kousseri,CM,12.0769,15.0306,74.68,19,29,10.92,scattered clouds
332,Grajau,BR,-5.8194,-46.1386,71.92,97,98,2.44,light rain
333,Garowe,SO,8.4054,48.4845,64.27,96,100,6.98,overcast clouds
334,Kutum,SD,14.2,24.6667,60.17,23,100,6.87,overcast clouds
335,Fukue,JP,32.6881,128.8419,63.73,75,0,6.24,clear sky
336,Hofn,IS,64.2539,-15.2082,40.84,97,100,17.05,light rain
337,Thunder Bay,CA,48.4001,-89.3168,8.29,67,87,7.0,overcast clouds
338,Bulawayo,ZW,-20.15,28.5833,59.52,72,37,9.93,scattered clouds
339,Plaster Rock,CA,46.9065,-67.39,28.92,93,100,6.2,overcast clouds
340,Acarau,BR,-2.8856,-40.12,76.32,87,100,0.27,overcast clouds
341,Viru,PE,-8.4167,-78.75,75.65,71,73,3.22,broken clouds
342,Los Banos,PH,14.1667,121.1833,89.8,53,60,4.56,broken clouds
343,Atar,MR,20.5169,-13.0499,67.66,12,0,8.7,clear sky
344,Anadyr,RU,64.75,177.4833,7.52,77,0,5.64,clear sky
345,Kovdor,RU,67.5662,30.4758,14.99,98,74,2.71,broken clouds
346,Shelburne,CA,44.0787,-80.2041,23.9,84,100,10.56,overcast clouds
347,Esmeralda,CU,21.8525,-78.1169,76.68,80,100,7.54,overcast clouds
348,Mastic Beach,US,40.7668,-72.8521,45.41,87,100,3.0,overcast clouds
349,Horta,PT,38.5333,-28.6333,57.49,76,100,11.5,overcast clouds
350,Sarh,TD,9.1429,18.3923,79.65,51,100,4.81,overcast clouds
351,Bambanglipuro,ID,-7.95,110.2833,81.95,74,100,1.9,light rain
352,Port Hardy,CA,50.6996,-127.4199,41.25,96,100,14.54,moderate rain
353,Geraldton,AU,-28.7667,114.6,81.01,61,24,12.66,few clouds
354,Baykit,RU,61.67,96.37,-4.65,90,100,3.65,overcast clouds
355,Namibe,AO,-15.1961,12.1522,72.72,80,100,7.23,overcast clouds
356,Biltine,TD,14.5333,20.9167,73.44,17,8,14.83,clear sky
357,Rawson,AR,-43.3002,-65.1023,64.53,58,6,19.17,clear sky
358,Chicama,PE,-7.8447,-79.1469,75.06,71,66,3.13,broken clouds
359,Verkh-Usugli,RU,52.7,115.1667,17.6,60,100,5.48,overcast clouds
360,Ughelli,NG,5.4899,6.0074,75.02,93,100,1.72,overcast clouds
361,Uaua,BR,-9.8414,-39.4817,73.35,72,70,9.33,broken clouds
362,Troitsko-Pechorsk,RU,62.7084,56.1964,10.96,94,100,9.04,light snow
363,Mikkeli,FI,61.6886,27.2723,19.51,93,85,2.3,mist
364,Auki,SB,-8.7676,160.7034,82.26,80,70,3.96,broken clouds
365,North Bend,US,43.4065,-124.2243,47.91,95,79,0.65,broken clouds
366,Ginda,IN,30.6945,78.4932,61.27,15,0,3.94,clear sky
367,Samarai,PG,-10.6167,150.6667,85.77,70,83,13.82,broken clouds
368,Bandundu,CD,-3.3167,17.3667,71.17,93,100,2.8,light rain
369,Manaus,BR,-3.1019,-60.025,77.49,94,75,3.44,broken clouds
370,Alamogordo,US,32.8995,-105.9603,40.35,56,0,4.61,clear sky
371,Caravelas,BR,-17.7125,-39.2481,75.87,86,11,3.62,few clouds
372,Dezhou,CN,37.4486,116.2925,45.77,87,100,5.44,overcast clouds
373,Albanel,CA,48.8832,-72.4487,10.94,97,87,2.64,light snow
374,Mao,ES,39.8885,4.2658,55.96,94,20,5.75,few clouds
375,Corinto,GR,37.9407,22.9573,36.9,75,39,1.99,scattered clouds
376,Ballina,AU,-28.8667,153.5667,76.78,74,86,11.21,overcast clouds
377,Pocatello,US,42.8713,-112.4455,33.71,51,0,11.5,clear sky
378,Czluchow,PL,53.6672,17.3588,25.05,59,8,10.0,clear sky
379,Port Shepstone,ZA,-30.7414,30.455,72.19,87,0,14.25,clear sky
380,Jamame,SO,0.0722,42.7506,75.18,83,48,8.43,scattered clouds
381,Miranda De Ebro,ES,42.6865,-2.947,42.15,93,100,2.8,overcast clouds
382,Tessalit,ML,20.1986,1.0114,68.18,17,0,8.86,clear sky
383,Whitehorse,CA,60.7161,-135.0538,24.82,82,100,10.0,overcast clouds
384,Tilichiki,RU,60.4667,166.1,15.22,79,24,6.17,few clouds
385,Mehamn,NO,71.0357,27.8492,30.38,79,100,8.23,overcast clouds
386,Trairi,BR,-3.2778,-39.2689,75.27,91,100,1.59,overcast clouds
387,Yulara,AU,-25.2406,130.9889,91.08,12,0,10.45,clear sky
388,Bathsheba,BB,13.2167,-59.5167,77.49,77,15,19.86,few clouds
389,Tual,ID,-5.6667,132.75,83.25,75,96,8.05,overcast clouds
390,Bandar-E Lengeh,IR,26.5579,54.8807,76.37,57,100,11.12,overcast clouds
391,Watertown,US,42.3709,-71.1828,41.34,79,0,11.5,clear sky
392,Narsaq,GL,60.9167,-46.05,8.82,87,97,4.12,overcast clouds
393,Inirida,CO,3.8653,-67.9239,76.37,87,42,0.85,scattered clouds
394,Thompson,CA,55.7435,-97.8558,-5.62,98,97,4.88,overcast clouds
395,Vila Velha,BR,-20.3297,-40.2925,78.75,88,20,4.61,few clouds
396,Bull Savanna,JM,17.8868,-77.5902,73.51,87,12,10.4,few clouds
397,Ugoofaaru,MV,5.6667,73.0,82.56,68,6,5.19,clear sky
398,Waingapu,ID,-9.6567,120.2641,85.42,73,95,7.78,overcast clouds
399,Mount Pleasant,US,32.7941,-79.8626,59.07,98,100,1.01,mist
400,Matara,LK,5.9485,80.5353,80.58,79,67,1.5,broken clouds
401,Sakaraha,MG,-22.9,44.5333,71.26,83,0,4.21,clear sky
402,La Grande,US,45.3246,-118.0877,41.99,54,93,8.01,overcast clouds
403,Koumac,NC,-20.5667,164.2833,83.48,72,49,5.37,scattered clouds
404,Safita,SY,34.8205,36.1153,42.1,78,97,18.21,overcast clouds
405,Guilin,CN,25.2819,110.2864,72.73,68,100,3.0,overcast clouds
406,Sandpoint,US,48.2766,-116.5533,34.86,92,100,4.61,light snow
407,Rorvik,NO,64.8621,11.2373,37.81,78,0,12.33,clear sky
408,Igarka,RU,67.4667,86.5833,-16.31,99,98,7.0,overcast clouds
409,Aktau,KZ,43.65,51.2,36.18,95,100,14.03,overcast clouds
410,Khuzdar,PK,27.7384,66.6434,67.68,37,7,4.34,clear sky
411,Kunming,CN,25.0389,102.7183,72.37,25,12,10.47,few clouds
412,Amapa,BR,1.0,-52.0,70.74,92,100,1.61,overcast clouds
413,Kalmunai,LK,7.4167,81.8167,80.17,81,38,7.47,scattered clouds
414,Taoudenni,ML,22.6783,-3.9836,66.49,17,0,10.47,clear sky
415,Iranshahr,IR,27.2025,60.6848,75.42,35,99,1.41,overcast clouds
416,Taltal,CL,-25.4,-70.4833,65.84,80,22,3.65,few clouds
417,Anchorage,US,61.2181,-149.9003,39.94,87,100,1.99,light rain
418,Flores Da Cunha,BR,-29.0289,-51.1817,57.65,98,100,4.99,overcast clouds
419,Quatre Cocos,MU,-20.2078,57.7625,78.1,84,70,12.01,broken clouds
420,Mnogovershinnyy,RU,53.9353,139.9242,17.64,61,89,3.2,overcast clouds
421,Laguna,US,38.421,-121.4238,64.54,35,0,4.61,clear sky
422,Kjollefjord,NO,70.9457,27.3465,33.37,82,100,5.28,overcast clouds
423,Businga,CD,3.3333,20.8833,70.02,98,100,4.09,overcast clouds
424,Antofagasta,CL,-23.65,-70.4,63.68,81,27,3.04,scattered clouds
425,Santa Maria,BR,-29.6842,-53.8069,60.55,95,53,6.46,broken clouds
426,Saluzzo,IT,44.6464,7.4862,42.66,73,100,1.14,overcast clouds
427,Exu,BR,-7.5119,-39.7242,72.97,70,94,2.64,overcast clouds
428,Horsham,GB,51.064,-0.3272,48.31,85,75,12.66,broken clouds
429,Canico,PT,32.6333,-16.85,63.05,82,20,5.75,few clouds
430,Nizwa,OM,22.9333,57.5333,73.74,34,17,1.05,few clouds
431,Tamale,GH,9.4008,-0.8393,85.24,44,5,10.13,clear sky
432,Ketchikan,US,55.3422,-131.6461,43.27,87,100,9.22,light rain
433,Olafsvik,IS,64.8945,-23.7142,38.66,62,100,18.86,overcast clouds
434,Simbahan,PH,6.3032,120.5836,81.82,78,99,3.96,overcast clouds
435,Amalapuram,IN,16.5833,82.0167,83.17,51,10,1.5,clear sky
436,Phitsanulok,TH,16.9167,100.5,90.46,44,58,6.98,broken clouds
437,Toora-Khem,RU,52.4675,96.11,9.03,91,100,1.25,overcast clouds
438,Obihiro,JP,42.9172,143.2044,38.07,81,27,15.28,scattered clouds
439,Aripuana,BR,-9.1667,-60.6333,72.7,98,100,1.72,moderate rain
440,Bubaque,GW,11.2833,-15.8333,75.56,67,21,6.2,few clouds
441,Columbia,US,34.0007,-81.0348,54.23,96,100,5.75,mist
442,Tawau,MY,4.2498,117.8871,83.53,73,87,2.37,overcast clouds
443,Warrington,GB,53.3925,-2.5802,49.44,87,75,12.66,broken clouds
444,Talaya,RU,61.3833,152.75,10.29,89,100,4.12,overcast clouds
445,Faanui,PF,-16.4833,-151.75,81.73,69,11,11.14,few clouds
446,Banepa,NP,27.6298,85.5214,61.12,67,20,2.3,mist
447,Chernushka,RU,56.5072,56.0766,-9.62,97,6,6.26,clear sky
448,Camabatela,AO,-8.1881,15.375,63.7,100,100,3.67,overcast clouds
449,Arman,RU,59.7,150.1667,34.02,68,80,2.98,broken clouds
450,Jumla,NP,29.2747,82.1838,52.16,30,0,2.53,clear sky
451,Ust-Nera,RU,64.5667,143.2,6.39,90,84,3.22,broken clouds
452,Luena,AO,-11.7833,19.9167,62.04,98,100,2.93,overcast clouds
453,Galle,LK,6.0367,80.217,80.22,78,51,3.18,broken clouds
454,Kenai,US,60.5544,-151.2583,40.03,98,100,6.91,overcast clouds
455,Lewistown,US,40.5992,-77.5714,52.54,66,0,6.91,clear sky
456,Yar-Sale,RU,66.8333,70.8333,-6.27,100,89,11.32,overcast clouds
457,Beringovskiy,RU,63.05,179.3167,10.49,78,1,9.84,clear sky
458,Ijui,BR,-28.3878,-53.9147,60.46,96,38,9.89,scattered clouds
459,Rio Verde De Mato Grosso,BR,-18.9181,-54.8442,71.44,93,100,3.91,light rain
460,Te Anau,NZ,-45.4167,167.7167,67.28,43,21,1.63,few clouds
461,Mocuba,MZ,-16.8392,36.9856,72.23,99,100,6.46,moderate rain
462,Barbate,ES,36.1924,-5.9219,53.56,95,44,3.0,scattered clouds
463,Hit,IQ,33.6416,42.8251,49.37,59,98,3.29,overcast clouds
464,Guerrero Negro,MX,27.9769,-114.0611,62.37,29,11,3.51,few clouds
465,Port Said,EG,31.2565,32.2841,53.31,60,100,20.38,overcast clouds
466,Urbino,IT,43.7298,12.6356,35.13,64,14,0.67,few clouds
467,Sabang,ID,5.8933,95.3214,82.89,72,80,10.29,broken clouds
468,Lompoc,US,34.6391,-120.4579,59.77,58,0,4.61,clear sky
469,Guiglo,CI,6.5456,-7.4966,74.79,90,100,2.17,overcast clouds
470,Binga,ZW,-17.6203,27.3414,70.86,72,90,3.33,overcast clouds
471,Mizque,BO,-17.941,-65.3402,58.12,92,100,3.4,overcast clouds
472,Smiltene,LV,57.4244,25.9016,29.55,93,100,6.13,overcast clouds
473,Buraydah,SA,26.326,43.975,61.79,30,96,11.21,overcast clouds
474,Kosh-Agach,RU,50.0,88.6667,5.77,86,100,0.92,overcast clouds
475,Chivay,PE,-15.6383,-71.6011,48.58,80,99,5.82,light rain
476,Winslow,US,35.0242,-110.6974,33.98,75,0,6.91,clear sky
477,Vilcun,CL,-38.65,-72.2333,52.54,89,0,1.19,clear sky
478,Kirovskiy,RU,45.0917,133.5136,30.78,76,80,5.17,broken clouds
479,Marsh Harbour,BS,26.5412,-77.0636,75.74,83,0,14.29,clear sky
480,Jega,NG,12.2175,4.3792,80.11,21,8,8.72,clear sky
481,Denpasar,ID,-8.65,115.2167,87.46,74,20,10.36,few clouds
482,Tasiilaq,GL,65.6145,-37.6368,33.96,96,100,32.28,snow
483,Reforma,MX,18.1,-91.0167,82.65,54,37,6.58,scattered clouds
484,Roald,NO,62.5833,6.1333,48.34,29,3,18.41,clear sky
485,Umm Lajj,SA,25.0213,37.2685,63.46,52,2,18.39,clear sky
486,Andra,RU,62.5147,65.8878,0.82,93,100,9.19,overcast clouds
487,Kuah,MY,6.3265,99.8432,81.07,73,22,3.44,few clouds
488,Salalah,OM,17.0151,54.0924,72.61,47,48,1.97,scattered clouds
489,Gorontalo,ID,0.5412,123.0595,90.19,62,47,3.67,scattered clouds
490,Montague,US,42.5356,-72.5351,43.84,67,100,4.81,overcast clouds
491,Massakory,TD,12.996,15.7293,73.53,19,49,14.25,scattered clouds
492,Svetlyy,RU,54.675,20.1347,24.85,53,32,7.25,scattered clouds
493,Piacabucu,BR,-10.4056,-36.4344,77.76,82,100,2.98,overcast clouds
494,Carutapera,BR,-1.195,-46.02,73.85,95,100,3.15,moderate rain
495,Richards Bay,ZA,-28.783,32.0377,74.01,84,69,4.07,broken clouds
496,Karagay,RU,58.2667,54.9368,-4.25,100,90,2.37,overcast clouds
497,Carnot,CF,4.9409,15.8665,69.89,90,96,1.81,overcast clouds
498,Akyab,MM,20.15,92.9,79.9,36,46,4.12,scattered clouds
499,Mujiayingzi,CN,42.1167,118.7833,46.17,62,100,12.33,overcast clouds
500,Antalaha,MG,-14.9003,50.2788,74.12,91,100,6.2,overcast clouds
501,Aparecida Do Taboado,BR,-20.0867,-51.0936,72.64,88,100,9.64,heavy intensity rain
502,Raudeberg,NO,61.9875,5.1352,45.27,53,11,5.86,few clouds
503,Pierre,US,44.3683,-100.351,13.28,56,0,3.44,clear sky
504,Kununurra,AU,-15.7667,128.7333,85.98,70,80,5.75,broken clouds
505,Faya,SA,18.3851,42.4509,57.27,85,26,2.01,scattered clouds
506,Mackay,AU,-21.15,149.2,79.68,79,62,19.91,broken clouds
507,Ariquemes,BR,-9.9133,-63.0408,72.93,98,100,0.65,overcast clouds
508,Marystown,CA,47.1666,-55.1483,28.85,100,65,5.48,broken clouds
509,Antakya,TR,36.2066,36.1572,37.22,69,31,2.39,scattered clouds
510,Chulman,RU,56.8479,124.9104,4.57,88,100,5.68,overcast clouds
511,Cabo San Lucas,MX,22.8909,-109.9124,69.51,75,0,9.22,clear sky
512,Ulaangom,MN,49.9811,92.0667,15.24,93,100,3.8,overcast clouds
513,Wolfville,CA,45.0835,-64.3655,34.95,93,93,5.32,overcast clouds
514,Anito,PH,12.4497,125.2886,84.42,73,99,9.6,overcast clouds
515,Kichera,RU,55.9375,110.0997,8.22,76,96,1.01,overcast clouds
516,Montepuez,MZ,-13.1256,38.9997,66.87,97,100,3.98,overcast clouds
517,Christchurch,NZ,-43.5333,172.6333,72.91,44,1,20.71,clear sky
518,Mayo,US,38.8876,-76.5119,50.13,86,0,12.66,clear sky
519,Impfondo,CG,1.6381,18.0667,69.08,97,100,3.06,light rain
520,Madang,PG,-5.2246,145.7966,86.74,62,74,7.36,broken clouds
521,Mkushi,ZM,-13.6202,29.3939,60.82,98,84,5.1,broken clouds
522,Fethiye,TR,36.6217,29.1164,35.47,56,0,8.25,clear sky
523,Kolokani,ML,13.5728,-8.0339,76.41,13,39,13.62,scattered clouds
524,Hami,CN,42.8,93.45,54.55,29,96,5.48,overcast clouds
525,Basoko,CD,1.2391,23.616,69.44,96,100,3.87,light rain
526,Wanxian,CN,30.8039,108.3897,78.19,53,13,3.11,few clouds
527,Jackson,US,42.4165,-122.8345,57.07,44,0,6.91,clear sky
528,Arlit,NE,18.7369,7.3853,69.62,18,21,7.74,few clouds
529,Palmer,US,42.1584,-72.3287,40.06,66,100,9.22,overcast clouds
530,Churapcha,RU,62.0025,132.4325,6.19,89,100,5.06,overcast clouds
531,Zruc Nad Sazavou,CZ,49.7401,15.1061,31.51,34,0,15.03,clear sky
532,Vung Tau,VN,10.346,107.0843,82.09,69,97,1.68,overcast clouds
533,Reconquista,AR,-29.15,-59.65,60.39,79,0,6.73,light rain
534,Edd,ER,13.9297,41.6925,76.84,85,67,3.6,broken clouds
535,Buchanan,LR,5.8808,-10.0467,78.85,91,100,2.68,overcast clouds
536,Calama,CL,-22.4667,-68.9333,57.69,44,75,4.61,broken clouds
537,Iralaya,HN,15.0,-83.2333,77.85,79,0,9.01,clear sky
538,Cabedelo,BR,-6.9811,-34.8339,77.67,77,42,5.35,scattered clouds
539,Boa Vista,BR,2.8197,-60.6733,80.58,69,0,8.05,clear sky
540,Gizo,SB,-8.103,156.8419,84.78,63,63,1.92,broken clouds
541,Progreso,MX,21.2833,-89.6667,78.01,80,0,6.33,clear sky
542,Celestun,MX,20.8667,-90.4,78.31,78,0,10.76,clear sky
543,Tautira,PF,-17.7333,-149.15,81.09,68,3,6.98,clear sky
544,Dubbo,AU,-32.25,148.6167,82.53,39,100,5.75,overcast clouds
545,Imeni Poliny Osipenko,RU,52.4201,136.4853,22.01,78,91,6.78,overcast clouds
546,Kasongo-Lunda,CD,-6.4667,16.8167,68.77,97,96,1.86,overcast clouds
547,Jacqueville,CI,5.2052,-4.4146,80.2,89,12,8.16,few clouds
548,Morant Bay,JM,17.8815,-76.4093,80.22,86,5,9.73,clear sky
549,Shu,KZ,43.5983,73.7614,49.19,95,100,4.97,light rain
550,Evansville,US,37.9748,-87.5558,30.34,74,100,9.22,overcast clouds
551,Saint-Pierre,RE,-21.3393,55.4781,77.92,72,0,5.75,clear sky
552,Sao Filipe,CV,14.8961,-24.4956,73.92,58,0,10.33,clear sky
553,Saint-Michel-Des-Saints,CA,46.6834,-73.9159,24.94,97,100,3.78,snow
554,Alekseyevka,RU,50.6309,38.6903,-10.08,100,94,3.62,overcast clouds
555,Kilindoni,TZ,-7.9139,39.6668,81.41,72,100,11.97,overcast clouds
556,Tabat,ID,-2.635,115.2274,89.96,60,89,1.77,overcast clouds
557,Jizan,SA,17.3333,42.6667,76.44,69,69,5.35,broken clouds
558,Tezu,IN,27.9167,96.1667,85.77,15,65,3.51,broken clouds
559,Puma,TZ,-5.0,34.7333,60.33,90,100,8.08,overcast clouds
560,Sobolevo,RU,54.4299,31.8996,20.16,94,100,5.88,overcast clouds
561,Singkang,MY,2.1006,102.7994,85.3,62,36,2.84,scattered clouds
562,San Quintin,MX,30.4833,-115.95,59.29,41,75,5.08,broken clouds
563,Wanning,CN,18.8003,110.3967,77.0,70,50,7.65,scattered clouds
564,Farafangana,MG,-22.8167,47.8333,74.98,87,98,1.03,light rain
565,Shache,CN,38.4167,77.2406,50.72,20,36,3.38,scattered clouds
566,San Matias,BO,-16.3667,-58.4,73.11,98,100,2.57,moderate rain
567,Ispravnaya,RU,44.0682,41.6102,23.77,87,100,2.8,overcast clouds
568,Fort Nelson,CA,58.8053,-122.7002,13.06,95,100,7.43,light snow
569,Huarmey,PE,-10.0681,-78.1522,73.51,78,100,5.35,overcast clouds
570,Nuuk,GL,64.1835,-51.7216,9.21,72,100,13.8,overcast clouds
571,Ajdabiya,LY,30.7554,20.2263,53.33,65,57,3.98,broken clouds
572,Emba,KZ,48.8264,58.1442,10.11,91,96,11.54,overcast clouds
573,West Richland,US,46.3043,-119.3614,50.76,54,0,3.44,clear sky
574,Oktyabrskiy,RU,54.4815,53.471,-12.35,100,99,2.37,overcast clouds
575,Mecca,SA,21.4267,39.8261,64.69,61,0,6.31,clear sky
576,Vanimo,PG,-2.6741,141.3028,84.56,73,51,6.38,broken clouds
577,Fairview,US,40.8126,-73.999,46.2,85,100,10.36,overcast clouds
578,Talnakh,RU,69.4865,88.3972,-22.23,97,82,8.9,broken clouds
579,Clovis,US,36.8252,-119.7029,66.09,30,0,0.0,clear sky
580,Cairns,AU,-16.9167,145.7667,94.1,59,87,12.66,overcast clouds
581,Rabaul,PG,-4.1967,152.1721,83.84,66,87,8.19,overcast clouds
582,Marzuq,YE,14.4,46.4667,61.14,22,87,5.5,overcast clouds
583,Songadh,IN,21.1667,73.5667,83.57,27,0,7.14,clear sky
584,Florianopolis,BR,-27.6146,-48.5012,73.35,93,75,16.11,broken clouds
585,Rio Gallegos,AR,-51.6226,-69.2181,41.05,75,0,3.44,clear sky
586,Ardakan,IR,32.31,54.0175,71.22,26,15,33.58,few clouds
587,Wamba,NG,8.9333,8.6,78.69,33,35,0.83,scattered clouds
588,Amahai,ID,-3.3333,128.9167,85.6,68,80,4.23,broken clouds
589,Kralendijk,BQ,12.15,-68.2667,76.98,88,75,12.66,broken clouds
590,Xinmin,CN,41.9908,122.8253,43.47,35,100,3.78,moderate rain
591,Tete,MZ,-16.1564,33.5867,71.33,96,100,2.91,overcast clouds
592,The Valley,AI,18.217,-63.0578,76.1,80,81,22.95,broken clouds
593,Saint-Hyacinthe,CA,45.6168,-72.9491,32.61,99,100,3.02,light snow
594,Magadan,RU,59.5667,150.8,33.53,69,64,4.34,broken clouds
595,Loreto,MX,22.2667,-101.9667,56.21,15,2,4.97,clear sky
596,Luorong,CN,24.4058,109.6086,75.18,59,98,8.9,overcast clouds
597,Inuvik,CA,68.3499,-133.7218,-6.86,96,100,10.65,overcast clouds
598,Kabinda,CD,-6.1333,24.4833,65.46,96,100,2.53,overcast clouds
599,Joao Pinheiro,BR,-17.7425,-46.1725,71.47,68,62,5.12,broken clouds
600,Lyndon,US,38.2567,-85.6016,29.68,87,100,14.97,snow
601,Ojinaga,MX,29.5667,-104.4167,51.42,37,0,17.27,clear sky
602,Champerico,GT,14.3,-91.9167,81.43,66,99,5.88,overcast clouds
603,Wynyard,AU,-41.0,145.7167,69.96,60,11,7.54,few clouds
604,Xining,CN,36.6167,101.7667,46.92,28,22,1.72,few clouds
605,Plouzane,FR,48.3833,-4.6167,46.45,82,75,11.5,broken clouds
606,Nishihara,JP,26.1842,127.7558,73.06,60,40,13.8,scattered clouds
607,Husavik,IS,66.0449,-17.3389,36.91,96,100,4.43,moderate rain
608,Mancio Lima,BR,-7.6142,-72.8958,72.45,98,74,2.46,broken clouds
609,Sicuani,PE,-14.2694,-71.2261,47.12,89,100,6.22,overcast clouds
610,Lucca,IT,44.0333,10.45,39.36,73,100,4.72,overcast clouds
611,Nasirabad,IN,26.3,74.7333,75.24,27,0,2.64,clear sky
612,Nioro,GM,13.35,-15.75,79.56,11,1,6.24,clear sky
613,Jieshi,CN,22.8134,115.8257,76.95,60,5,11.54,clear sky
614,Galesong,ID,-5.3166,119.3661,86.02,71,74,2.13,broken clouds
615,Asfi,MA,32.2994,-9.2372,58.42,85,87,4.12,overcast clouds
616,Monrovia,LR,6.3005,-10.7969,79.18,90,100,3.47,light rain
617,Tobermory,CA,45.2501,-81.6665,24.4,72,100,27.89,snow
618,Leh,IN,34.1667,77.5833,11.05,65,1,2.89,clear sky
619,Almaznyy,RU,48.0448,40.045,16.12,82,100,12.1,overcast clouds
620,West Fargo,US,46.875,-96.9004,1.4,55,0,12.66,clear sky
621,Porto Novo,BJ,6.4965,2.6036,77.02,88,100,7.43,overcast clouds
622,Santa Isabel Do Rio Negro,BR,-0.4139,-65.0192,74.21,96,99,2.46,overcast clouds
623,San Patricio,US,28.017,-97.5169,48.29,63,58,20.83,broken clouds
624,Bogorodskoye,RU,56.55,37.8833,22.35,98,100,2.86,overcast clouds
625,Saryg-Sep,RU,51.5,95.6,13.98,86,93,2.33,overcast clouds
626,Cayenne,GF,4.9333,-52.3333,80.1,54,20,5.75,few clouds
627,Adrar,MR,20.5022,-10.0711,63.79,12,0,11.03,clear sky
628,Ulladulla,AU,-35.35,150.4667,78.76,63,71,9.44,broken clouds
629,Liverpool,GB,53.4106,-2.9779,48.74,90,75,12.66,broken clouds
630,Kenmare,IE,51.8833,-9.5833,44.08,91,74,5.59,broken clouds
631,Vao,NC,-22.6667,167.4833,79.66,71,63,9.73,broken clouds
632,Virginia Beach,US,36.8529,-75.978,53.65,91,100,6.91,moderate rain
633,Deder,ET,9.3167,41.45,55.47,48,46,2.75,scattered clouds
634,Cucuta,CO,7.8833,-72.5053,75.15,100,40,2.3,scattered clouds
635,Nakamura,JP,32.9833,132.9333,69.73,47,22,2.39,few clouds
636,Vidim,RU,56.4088,103.1106,6.37,83,100,4.47,overcast clouds
637,Xam Nua,LA,20.4197,104.0439,79.84,57,28,0.85,scattered clouds
638,Grindavik,IS,63.8424,-22.4338,34.27,80,40,14.97,scattered clouds
639,Mineiros,BR,-17.5694,-52.5511,73.24,75,100,2.24,overcast clouds
640,Yanam,IN,16.7333,82.2167,83.86,50,6,1.41,clear sky
641,Puerto Del Rosario,ES,28.5004,-13.8627,62.35,77,0,6.91,clear sky
642,Shunyi,CN,40.125,116.6453,46.35,66,0,6.71,clear sky
643,Masuguru,TZ,-11.3667,38.4167,71.1,98,98,3.24,light rain
644,Horki,BY,54.2861,30.9842,20.86,93,100,6.2,overcast clouds
645,Parsabad,IR,39.6482,47.9174,37.92,94,100,3.02,overcast clouds
646,Muros,ES,42.7762,-9.0603,48.09,91,99,16.4,overcast clouds
647,Peniche,PT,39.3558,-9.3811,52.11,91,100,8.72,overcast clouds
648,Benicarlo,ES,40.4165,0.4271,53.24,88,100,3.49,light rain
649,Vuktyl,RU,63.8567,57.3094,11.44,93,100,12.39,light snow
650,Archidona,ES,37.0965,-4.3887,47.41,96,26,2.08,scattered clouds
651,Ayan,RU,56.45,138.1667,22.73,56,100,2.44,overcast clouds
652,Camopi,GF,3.1655,-52.3158,71.69,99,100,2.13,overcast clouds
653,Zhigansk,RU,66.7697,123.3711,0.61,92,100,9.06,overcast clouds
654,Kroonstad,ZA,-27.6504,27.2349,60.01,88,51,7.4,broken clouds
655,Dakar,SN,14.6937,-17.4441,76.08,55,2,16.91,clear sky
656,Camacha,PT,33.0833,-16.3333,54.82,82,20,6.91,few clouds
657,High Level,CA,58.5169,-117.136,14.81,96,100,4.05,light snow
658,Buala,SB,-8.145,159.5921,83.73,74,51,4.03,light rain
659,Kavieng,PG,-2.5744,150.7967,85.48,63,85,6.87,overcast clouds
660,Dalaba,GN,10.7,-12.25,65.05,43,78,0.6,broken clouds
661,Methoni,GR,36.8197,21.7049,42.22,89,100,11.56,light rain
662,Ust-Maya,RU,60.4167,134.5333,9.99,82,100,5.99,overcast clouds
663,Sioux Lookout,CA,50.1001,-91.917,-3.93,91,100,7.81,overcast clouds
664,Hovd,MN,48.0056,91.6419,22.75,72,96,1.3,overcast clouds
665,Aras,ES,42.5617,-2.356,43.21,81,100,2.3,overcast clouds
666,Onguday,RU,50.75,86.15,18.86,90,100,1.9,overcast clouds
667,Havre-Saint-Pierre,CA,50.2334,-63.5986,3.4,92,26,6.91,scattered clouds
668,Manyoni,TZ,-5.7467,34.8382,60.84,89,100,3.09,overcast clouds
669,Polyarnyy,RU,69.1989,33.4478,18.14,94,80,6.91,broken clouds
670,Atambua,ID,-9.1061,124.8925,83.84,68,100,1.88,overcast clouds
671,Birao,CF,10.2849,22.7882,76.46,18,100,8.93,overcast clouds
672,Koshurnikovo,RU,54.1667,93.3,7.97,85,73,1.86,broken clouds
673,Abu Kamal,SY,34.4506,40.9171,46.11,50,100,6.87,overcast clouds
674,Sibolga,ID,1.7427,98.7792,85.15,64,65,3.04,broken clouds
675,Pangkalanbuun,ID,-2.6833,111.6167,90.66,53,52,4.61,broken clouds
676,Barcelos,PT,41.5388,-8.6151,48.34,90,77,5.84,broken clouds
677,Labrea,BR,-7.2586,-64.7981,72.97,97,32,2.42,moderate rain
678,Sayyan,YE,15.1718,44.3244,53.67,35,7,0.83,clear sky
679,Khed Brahma,IN,24.0333,73.05,79.86,19,0,4.34,clear sky
680,Kushiro,JP,42.975,144.3747,40.78,66,100,10.96,overcast clouds
681,Saint-Francois,FR,46.4154,3.9054,46.67,71,100,9.22,light rain
682,Bandipur,NP,27.9333,84.4167,69.33,23,0,1.23,clear sky
683,Puro,PH,12.4841,123.3827,83.7,73,99,4.72,overcast clouds
684,Bangassou,CF,4.7413,22.8184,68.67,98,100,2.73,light rain
685,Port Macquarie,AU,-31.4333,152.9167,76.89,71,61,6.06,broken clouds
686,Cubuk,TR,40.2386,33.0322,17.76,79,20,1.14,few clouds
687,Eureka,US,40.8021,-124.1637,52.66,82,33,1.48,scattered clouds
688,Biak,ID,-0.9131,122.8766,83.97,69,79,1.25,broken clouds
689,Anuchino,RU,43.9622,133.0544,34.63,55,55,5.77,broken clouds
690,Vestmanna,FO,62.1564,-7.1664,43.72,93,100,29.93,mist
691,Chapayeve,UA,49.3662,35.8749,10.0,92,6,6.67,clear sky
692,Yaan,NG,7.3833,8.5667,81.14,73,75,10.09,broken clouds
693,Loiza,PR,18.4313,-65.8802,77.05,88,40,9.22,scattered clouds
694,Rockingham,US,42.9668,-71.0995,42.8,72,96,4.5,overcast clouds
695,Osa,RU,57.2829,55.4567,-13.72,100,14,2.33,few clouds
696,Bilibino,RU,68.0546,166.4372,20.61,63,1,1.79,clear sky
697,Vardo,NO,70.3705,31.1107,31.93,79,100,12.46,overcast clouds
698,Cody,US,44.5263,-109.0565,24.4,70,72,9.57,broken clouds
699,Henties Bay,NA,-22.116,14.2845,66.4,89,81,4.94,broken clouds
700,Daitari,IN,21.1,85.75,82.87,22,0,4.0,clear sky
